Enabled,OrderId,MaterialName,ReleaseDate,DueDate,OrderStatus,Priority,Quantity
True,Order01,FinishedGoodA,12/1/2019 12:00:00 AM,12/10/2019 4:00:00 PM,WIP,1,10
True,Order02,FinishedGoodA,12/1/2019 12:00:00 AM,12/5/2019 4:00:00 PM,New,1,10
True,Order03,FinishedGoodB,12/1/2019 12:00:00 AM,12/7/2019 4:00:00 PM,WIP,1,10
True,Order04,FinishedGoodB,12/1/2019 12:00:00 AM,12/5/2019 4:00:00 PM,WIP,1,10
True,Order05,FinishedGoodC,12/1/2019 12:00:00 AM,12/6/2019 4:00:00 PM,WIP,1,10
True,Order06,FinishedGoodC,12/1/2019 12:00:00 AM,12/3/2019 4:00:00 PM,New,1,10
True,Order07,FinishedGoodC,12/1/2019 12:00:00 AM,12/3/2019 4:00:00 PM,New,1,10
True,Order08,FinishedGoodA,12/1/2019 12:00:00 AM,12/12/2019 11:00:00 PM,New,1,10
True,Order09,FinishedGoodA,12/1/2019 12:00:00 AM,12/14/2019 9:00:00 PM,New,1,10
True,Order10,FinishedGoodB,12/1/2019 12:00:00 AM,12/13/2019 4:00:00 PM,New,1,10
True,Order11,FinishedGoodB,12/1/2019 12:00:00 AM,12/14/2019 2:00:00 PM,New,1,10
True,Order12,FinishedGoodA,12/1/2019 12:00:00 AM,12/19/2019 1:00:00 PM,New,1,10
True,Order13,FinishedGoodC,12/1/2019 12:00:00 AM,12/12/2019 12:00:00 AM,New,1,10
True,Order14,FinishedGoodA,12/1/2019 12:00:00 AM,12/19/2019 1:00:00 PM,New,1,10
True,Order15,FinishedGoodC,12/1/2019 12:00:00 AM,12/13/2019 10:00:00 PM,New,1,10
True,Order16,FinishedGoodB,12/1/2019 12:00:00 AM,12/19/2019 1:00:00 PM,New,1,10
True,Order17,FinishedGoodC,12/1/2019 12:00:00 AM,12/19/2019 1:00:00 PM,New,1,10
True,Order18,FinishedGoodA,12/1/2019 12:00:00 AM,12/12/2019 11:00:00 PM,New,1,10
True,Order19,FinishedGoodA,12/1/2019 12:00:00 AM,12/14/2019 9:00:00 PM,New,1,10
True,Order20,FinishedGoodB,12/1/2019 12:00:00 AM,12/13/2019 4:00:00 PM,New,1,10
True,Order21,FinishedGoodB,12/1/2019 12:00:00 AM,12/14/2019 2:00:00 PM,New,1,10
True,Order22,FinishedGoodA,12/1/2019 12:00:00 AM,12/19/2019 1:00:00 PM,New,1,10
True,Order23,FinishedGoodC,12/1/2019 12:00:00 AM,12/12/2019 12:00:00 AM,New,1,10
True,Order24,FinishedGoodA,12/1/2019 12:00:00 AM,12/19/2019 1:00:00 PM,New,1,10
True,Order25,FinishedGoodC,12/1/2019 12:00:00 AM,12/13/2019 10:00:00 PM,New,1,10
True,Order26,FinishedGoodB,12/1/2019 12:00:00 AM,12/19/2019 1:00:00 PM,New,1,10
True,Order27,FinishedGoodC,12/1/2019 12:00:00 AM,12/19/2019 1:00:00 PM,New,1,10
